time,"coordinates [x,y]",x_deviation,y_deviation,valid
20250903_095050,"[603, 484]",-137.0980392156863,-912.8411764705882,False
20250903_101220,"[1155, 759]",414.9019607843137,-637.8411764705882,False
20250903_110600,"[1001, 878]",260.9019607843137,-518.8411764705882,False
20250903_110640,"[1660, 717]",919.9019607843137,-679.8411764705882,False
