time,"coordinates [x,y]",x_deviation,y_deviation,valid
20250903_095050,"[603, 484]",-138.2117647058824,-912.0549019607843,False
20250903_101220,"[1155, 759]",413.7882352941176,-637.0549019607843,False
20250903_110600,"[1003, 877]",261.7882352941176,-519.0549019607843,False
20250903_110640,"[1660, 717]",918.7882352941176,-679.0549019607843,False
